[{"model": "main_designs.plan", "pk": 1, "fields": {"name": "Contemporary Country Barn Dream Home", "min_bedrooms": 3, "max_bedrooms": 5, "floors": "2", "min_bathrooms": "3.5", "max_bathrooms": "5.5", "heated_sq_feet": 3859, "basement": false, "loft": true, "walk_in_pantry": true, "home_office": true, "mudroom": true, "bonus_room": true, "wrap_around_porch": false, "affiliate_link": "https://www.jdoqocy.com/om75qgpmgo3C968698357C44B6D?url=https%3A%2F%2Fwww.architecturaldesigns.com%2Fhouse-plans%2Fcontemporary-country-barn-dream-home-plan-95043rw&cjsku=95043", "style": "barndominium", "description": ""}}, {"model": "main_designs.plan", "pk": 2, "fields": {"name": "3-Bedroom Modern Farmhouse Plan with Metal or Wood Framing Options", "min_bedrooms": 3, "max_bedrooms": 3, "floors": "1", "min_bathrooms": "2.5", "max_bathrooms": "2.5", "heated_sq_feet": 2486, "basement": false, "loft": false, "walk_in_pantry": true, "home_office": true, "mudroom": true, "bonus_room": false, "wrap_around_porch": false, "affiliate_link": "https://www.anrdoezrs.net/i3102lnwtnvAJGDFDGFACEJBBIDK?url=https%3A%2F%2Fwww.architecturaldesigns.com%2Fhouse-plans%2F3-bedroom-modern-farmhouse-plan-with-metal-or-wood-framing-options-16922wg&cjsku=1", "style": "barndominium", "description": ""}}, {"model": "main_designs.plan", "pk": 3, "fields": {"name": "Farmhouse-inspired Barndominium with Wraparound Porch", "min_bedrooms": 3, "max_bedrooms": 3, "floors": "1", "min_bathrooms": "2.0", "max_bathrooms": "2.0", "heated_sq_feet": 2039, "basement": false, "loft": true, "walk_in_pantry": true, "home_office": false, "mudroom": true, "bonus_room": false, "wrap_around_porch": true, "affiliate_link": "https://www.anrdoezrs.net/4s121iqzwqyDMJGIGJIDFHMEELGN?url=https%3A%2F%2Fwww.architecturaldesigns.com%2Fhouse-plans%2Ffarmhouse-inspired-barndominium-with-wraparound-porch-135072gra&cjsku=135072", "style": "barndominium", "description": ""}}, {"model": "main_designs.plan", "pk": 4, "fields": {"name": "Shouse with Two-story Great Room, a Car Show Room and a Home Office", "min_bedrooms": 3, "max_bedrooms": 3, "floors": "2", "min_bathrooms": "3.5", "max_bathrooms": "3.5", "heated_sq_feet": 4491, "basement": false, "loft": true, "walk_in_pantry": false, "home_office": true, "mudroom": false, "bonus_room": false, "wrap_around_porch": false, "affiliate_link": "https://www.kqzyfj.com/ei77iqzwqyDMJGIGJIDFHMEELGN?url=https%3A%2F%2Fwww.architecturaldesigns.com%2Fhouse-plans%2Fshouse-with-two-story-great-room-a-car-show-room-and-a-home-office-135079gra&cjsku=135", "style": "barndominium", "description": ""}}, {"model": "main_designs.plan", "pk": 5, "fields": {"name": "New American House Plan with Industrial Metal-Clad Turret", "min_bedrooms": 3, "max_bedrooms": 4, "floors": "2", "min_bathrooms": "2.5", "max_bathrooms": "3.5", "heated_sq_feet": 2425, "basement": false, "loft": false, "walk_in_pantry": true, "home_office": true, "mudroom": true, "bonus_room": true, "wrap_around_porch": false, "affiliate_link": "https://www.dpbolvw.net/7a81shqnhp4DA797A9468D55C7E?url=https%3A%2F%2Fwww.architecturaldesigns.com%2Fhouse-plans%2Fnew-american-house-plan-with-industrial-metal-clad-turret-16915wg&cjsku=16915", "style": "barndominium", "description": ""}}, {"model": "main_designs.plan", "pk": 6, "fields": {"name": "Modern Mountain House Plan with Great Room Open to Upstairs Loft", "min_bedrooms": 4, "max_bedrooms": 5, "floors": "2", "min_bathrooms": "3.5", "max_bathrooms": "4.5", "heated_sq_feet": 3371, "basement": false, "loft": true, "walk_in_pantry": true, "home_office": false, "mudroom": true, "bonus_room": true, "wrap_around_porch": false, "affiliate_link": "https://www.jdoqocy.com/jk122vpyvpxCLIFHFIHCEGLDDKFM?url=https%3A%2F%2Fwww.architecturaldesigns.com%2Fhouse-plans%2Fmodern-mountain-house-plan-with-great-room-open-to-upstairs-loft-62873dj&cjsku=62873", "style": "barndominium", "description": ""}}, {"model": "main_designs.plan", "pk": 7, "fields": {"name": "New American Garage Apartment Plan with Barndominium Styling", "min_bedrooms": 1, "max_bedrooms": 1, "floors": "2", "min_bathrooms": "1.0", "max_bathrooms": "1.0", "heated_sq_feet": 767, "basement": false, "loft": false, "walk_in_pantry": true, "home_office": false, "mudroom": false, "bonus_room": false, "wrap_around_porch": false, "affiliate_link": "https://www.anrdoezrs.net/le117dlurlt8HEBDBED8ACH99GBI?url=https%3A%2F%2Fwww.architecturaldesigns.com%2Fhouse-plans%2Fnew-american-garage-apartment-plan-with-barndominium-styling-62322dj&cjsku=62322", "style": "barndominium", "description": ""}}, {"model": "main_designs.plan", "pk": 8, "fields": {"name": "Barndominium with Hay Loft and Drive-through Tractor Storage", "min_bedrooms": 1, "max_bedrooms": 1, "floors": "2", "min_bathrooms": "1.0", "max_bathrooms": "1.0", "heated_sq_feet": 1040, "basement": false, "loft": true, "walk_in_pantry": false, "home_office": false, "mudroom": false, "bonus_room": false, "wrap_around_porch": false, "affiliate_link": "https://www.dpbolvw.net/oa104gv30v2IROLNLONIKMRJJQLS?url=https%3A%2F%2Fwww.architecturaldesigns.com%2Fhouse-plans%2Fbarndominium-with-hay-loft-and-drive-through-tractor-storage-51196mm&cjsku=51196", "style": "barndominium", "description": ""}}, {"model": "main_designs.plan", "pk": 9, "fields": {"name": "4-Bedroom Modern Farmhouse Barndominium with Large Bonus Room over Garage", "min_bedrooms": 4, "max_bedrooms": 4, "floors": "2", "min_bathrooms": "3.5", "max_bathrooms": "3.5", "heated_sq_feet": 3205, "basement": false, "loft": true, "walk_in_pantry": true, "home_office": false, "mudroom": true, "bonus_room": true, "wrap_around_porch": true, "affiliate_link": "https://www.anrdoezrs.net/9m70biroiq5EB8A8BA579E66D8F?url=https%3A%2F%2Fwww.architecturaldesigns.com%2Fhouse-plans%2F4-bedroom-modern-farmhouse-barndominium-with-large-bonus-room-over-garage-623034dj&", "style": "barndominium", "description": ""}}, {"model": "main_designs.plan", "pk": 10, "fields": {"name": "Rustic Home Plan with Wraparound Porch and 2-Story Great Room with Loft Overlook", "min_bedrooms": 3, "max_bedrooms": 3, "floors": "2", "min_bathrooms": "3.5", "max_bathrooms": "3.5", "heated_sq_feet": 3014, "basement": false, "loft": false, "walk_in_pantry": false, "home_office": false, "mudroom": false, "bonus_room": true, "wrap_around_porch": true, "affiliate_link": "https://www.kqzyfj.com/i998r09608OXURTRUTOQSXPPWRY?url=https%3A%2F%2Fwww.architecturaldesigns.com%2Fhouse-plans%2Frustic-home-plan-with-wraparound-porch-and-2-story-great-room-with-loft-overlook-70718", "style": "barndominium", "description": ""}}, {"model": "main_designs.plan", "pk": 11, "fields": {"name": "Barndominium-style House Plan with Home Office and Two-story Great Room", "min_bedrooms": 3, "max_bedrooms": 3, "floors": "2", "min_bathrooms": "2.0", "max_bathrooms": "2.0", "heated_sq_feet": 2810, "basement": false, "loft": true, "walk_in_pantry": false, "home_office": true, "mudroom": false, "bonus_room": false, "wrap_around_porch": false, "affiliate_link": "https://www.jdoqocy.com/qq83lnwtnvAJGDFDGFACEJBBIDK?url=https%3A%2F%2Fwww.architecturaldesigns.com%2Fhouse-plans%2Fbarndominium-style-house-plan-with-home-office-and-two-story-great-room-623032dj&cjsk", "style": "barndominium", "description": ""}}, {"model": "main_designs.plan", "pk": 12, "fields": {"name": "4-Bed Barndominium with Loft and 3-Car Garage", "min_bedrooms": 4, "max_bedrooms": 4, "floors": "2", "min_bathrooms": "3.0", "max_bathrooms": "3.0", "heated_sq_feet": 2896, "basement": false, "loft": true, "walk_in_pantry": true, "home_office": false, "mudroom": true, "bonus_room": true, "wrap_around_porch": false, "affiliate_link": "https://www.kqzyfj.com/nt83js0ys-FOLIKILKFHJOGGNIP?url=https%3A%2F%2Fwww.architecturaldesigns.com%2Fhouse-plans%2F4-bed-barndominium-with-loft-and-3-car-garage-68888vr&cjsku=68888", "style": "barndominium", "description": ""}}, {"model": "main_designs.plan", "pk": 13, "fields": {"name": "Barndominium with Drive-through Shop", "min_bedrooms": 2, "max_bedrooms": 2, "floors": "1", "min_bathrooms": "1.0", "max_bathrooms": "1.0", "heated_sq_feet": 1460, "basement": false, "loft": false, "walk_in_pantry": false, "home_office": false, "mudroom": false, "bonus_room": false, "wrap_around_porch": false, "affiliate_link": "https://www.jdoqocy.com/hj115efolfn2B857587246B33A5C?url=https%3A%2F%2Fwww.architecturaldesigns.com%2Fhouse-plans%2Fbarndominium-with-drive-through-shop-62381dj&cjsku=62381", "style": "barndominium", "description": ""}}, {"model": "main_designs.plan", "pk": 14, "fields": {"name": "Deluxe Barndominium with 2-Story Living Room", "min_bedrooms": 3, "max_bedrooms": 3, "floors": "2", "min_bathrooms": "2.5", "max_bathrooms": "2.5", "heated_sq_feet": 2311, "basement": false, "loft": true, "walk_in_pantry": false, "home_office": false, "mudroom": true, "bonus_room": false, "wrap_around_porch": true, "affiliate_link": "https://www.jdoqocy.com/kq75qgpmgo3C968698357C44B6D?url=https%3A%2F%2Fwww.architecturaldesigns.com%2Fhouse-plans%2Fdeluxe-barndominium-with-2-story-living-room-135075gra&cjsku=135075", "style": "barndominium", "description": ""}}, {"model": "main_designs.floorpicture", "pk": 1, "fields": {"plan": 1, "floor_number": 1, "image": "pictures/floor_pictures/95043rw_f1_1626116735.gif"}}, {"model": "main_designs.floorpicture", "pk": 2, "fields": {"plan": 1, "floor_number": 2, "image": "pictures/floor_pictures/95043rw_f2_1626115915.webp"}}, {"model": "main_designs.floorpicture", "pk": 4, "fields": {"plan": 2, "floor_number": 1, "image": "pictures/floor_pictures/first_floor.gif"}}, {"model": "main_designs.floorpicture", "pk": 5, "fields": {"plan": 3, "floor_number": 1, "image": "pictures/floor_pictures/first_fl.gif"}}, {"model": "main_designs.floorpicture", "pk": 6, "fields": {"plan": 4, "floor_number": 1, "image": "pictures/floor_pictures/first_fl.webp"}}, {"model": "main_designs.floorpicture", "pk": 7, "fields": {"plan": 4, "floor_number": 2, "image": "pictures/floor_pictures/second_fl.webp"}}, {"model": "main_designs.floorpicture", "pk": 8, "fields": {"plan": 5, "floor_number": 1, "image": "pictures/floor_pictures/first_fl_It6WOKu.gif"}}, {"model": "main_designs.floorpicture", "pk": 9, "fields": {"plan": 5, "floor_number": 2, "image": "pictures/floor_pictures/second_fl.gif"}}, {"model": "main_designs.floorpicture", "pk": 10, "fields": {"plan": 6, "floor_number": 1, "image": "pictures/floor_pictures/first_fl_utDFUNe.gif"}}, {"model": "main_designs.floorpicture", "pk": 11, "fields": {"plan": 6, "floor_number": 2, "image": "pictures/floor_pictures/second_fl_UX8tN4j.gif"}}, {"model": "main_designs.floorpicture", "pk": 12, "fields": {"plan": 7, "floor_number": 1, "image": "pictures/floor_pictures/first.gif"}}, {"model": "main_designs.floorpicture", "pk": 13, "fields": {"plan": 7, "floor_number": 2, "image": "pictures/floor_pictures/second.gif"}}, {"model": "main_designs.floorpicture", "pk": 14, "fields": {"plan": 8, "floor_number": 1, "image": "pictures/floor_pictures/first_OuQFxFv.gif"}}, {"model": "main_designs.floorpicture", "pk": 15, "fields": {"plan": 8, "floor_number": 2, "image": "pictures/floor_pictures/second_CZcOoFz.gif"}}, {"model": "main_designs.floorpicture", "pk": 16, "fields": {"plan": 9, "floor_number": 1, "image": "pictures/floor_pictures/first.webp"}}, {"model": "main_designs.floorpicture", "pk": 17, "fields": {"plan": 9, "floor_number": 2, "image": "pictures/floor_pictures/second.webp"}}, {"model": "main_designs.floorpicture", "pk": 18, "fields": {"plan": 10, "floor_number": 1, "image": "pictures/floor_pictures/first_1qiDsAA.webp"}}, {"model": "main_designs.floorpicture", "pk": 19, "fields": {"plan": 10, "floor_number": 2, "image": "pictures/floor_pictures/second_2NfKeJg.webp"}}, {"model": "main_designs.floorpicture", "pk": 20, "fields": {"plan": 11, "floor_number": 1, "image": "pictures/floor_pictures/first_1.webp"}}, {"model": "main_designs.floorpicture", "pk": 21, "fields": {"plan": 11, "floor_number": 1, "image": "pictures/floor_pictures/first_2.webp"}}, {"model": "main_designs.floorpicture", "pk": 22, "fields": {"plan": 11, "floor_number": 2, "image": "pictures/floor_pictures/second_BOpxh66.webp"}}, {"model": "main_designs.floorpicture", "pk": 23, "fields": {"plan": 12, "floor_number": 1, "image": "pictures/floor_pictures/first_sIMlzjf.gif"}}, {"model": "main_designs.floorpicture", "pk": 24, "fields": {"plan": 12, "floor_number": 2, "image": "pictures/floor_pictures/second_7k2cCjA.webp"}}, {"model": "main_designs.floorpicture", "pk": 25, "fields": {"plan": 13, "floor_number": 1, "image": "pictures/floor_pictures/first_590x0Ld.gif"}}, {"model": "main_designs.floorpicture", "pk": 26, "fields": {"plan": 14, "floor_number": 1, "image": "pictures/floor_pictures/first_XbigO1t.gif"}}, {"model": "main_designs.floorpicture", "pk": 27, "fields": {"plan": 14, "floor_number": 2, "image": "pictures/floor_pictures/second_jSCGIvV.gif"}}, {"model": "main_designs.planpicture", "pk": 1, "fields": {"image": "pictures/plan_pictures/95043RW_01_1504625636.jpg", "plan": 1}}, {"model": "main_designs.planpicture", "pk": 2, "fields": {"image": "pictures/plan_pictures/95043RW_02_1504705708.jpg", "plan": 1}}, {"model": "main_designs.planpicture", "pk": 3, "fields": {"image": "pictures/plan_pictures/95043RW_03_1504625639.jpg", "plan": 1}}, {"model": "main_designs.planpicture", "pk": 4, "fields": {"image": "pictures/plan_pictures/95043RW_04_1504625642.jpg", "plan": 1}}, {"model": "main_designs.planpicture", "pk": 5, "fields": {"image": "pictures/plan_pictures/95043RW_05_1504625643.jpg", "plan": 1}}, {"model": "main_designs.planpicture", "pk": 6, "fields": {"image": "pictures/plan_pictures/95043RW_06_1504625645.jpg", "plan": 1}}, {"model": "main_designs.planpicture", "pk": 7, "fields": {"image": "pictures/plan_pictures/95043RW_07_1504625648.jpg", "plan": 1}}, {"model": "main_designs.planpicture", "pk": 8, "fields": {"image": "pictures/plan_pictures/95043RW_08_1504625650.jpg", "plan": 1}}, {"model": "main_designs.planpicture", "pk": 9, "fields": {"image": "pictures/plan_pictures/95043RW_09_1504625652.jpg", "plan": 1}}, {"model": "main_designs.planpicture", "pk": 10, "fields": {"image": "pictures/plan_pictures/95043RW_10_1504625654.jpg", "plan": 1}}, {"model": "main_designs.planpicture", "pk": 11, "fields": {"image": "pictures/plan_pictures/95043RW_11_1504625655.jpg", "plan": 1}}, {"model": "main_designs.planpicture", "pk": 12, "fields": {"image": "pictures/plan_pictures/95043RW_12_1504625658.jpg", "plan": 1}}, {"model": "main_designs.planpicture", "pk": 13, "fields": {"image": "pictures/plan_pictures/95043RW_13_1504625660.jpg", "plan": 1}}, {"model": "main_designs.planpicture", "pk": 14, "fields": {"image": "pictures/plan_pictures/95043RW_14_1504625668.jpg", "plan": 1}}, {"model": "main_designs.planpicture", "pk": 15, "fields": {"image": "pictures/plan_pictures/95043RW_15_1504625670.jpg", "plan": 1}}, {"model": "main_designs.planpicture", "pk": 16, "fields": {"image": "pictures/plan_pictures/95043RW_16_1504625672.jpg", "plan": 1}}, {"model": "main_designs.planpicture", "pk": 17, "fields": {"image": "pictures/plan_pictures/95043RW_17_1504625676.jpg", "plan": 1}}, {"model": "main_designs.planpicture", "pk": 18, "fields": {"image": "pictures/plan_pictures/95043RW_18_1504625679.jpg", "plan": 1}}, {"model": "main_designs.planpicture", "pk": 19, "fields": {"image": "pictures/plan_pictures/95043RW_19_1504625682.jpg", "plan": 1}}, {"model": "main_designs.planpicture", "pk": 20, "fields": {"image": "pictures/plan_pictures/95043RW_20_1504625691.jpg", "plan": 1}}, {"model": "main_designs.planpicture", "pk": 21, "fields": {"image": "pictures/plan_pictures/95043RW_21_1504625695.jpg", "plan": 1}}, {"model": "main_designs.planpicture", "pk": 22, "fields": {"image": "pictures/plan_pictures/95043RW_22_1504625696.jpg", "plan": 1}}, {"model": "main_designs.planpicture", "pk": 23, "fields": {"image": "pictures/plan_pictures/95043RW_23_1504625699.jpg", "plan": 1}}, {"model": "main_designs.planpicture", "pk": 24, "fields": {"image": "pictures/plan_pictures/95043RW_24_1504625705.jpg", "plan": 1}}, {"model": "main_designs.planpicture", "pk": 25, "fields": {"image": "pictures/plan_pictures/95043RW_25_1504625711.jpg", "plan": 1}}, {"model": "main_designs.planpicture", "pk": 26, "fields": {"image": "pictures/plan_pictures/95043RW_26_1504625712.jpg", "plan": 1}}, {"model": "main_designs.planpicture", "pk": 27, "fields": {"image": "pictures/plan_pictures/95043RW_27_1504625714.jpg", "plan": 1}}, {"model": "main_designs.planpicture", "pk": 28, "fields": {"image": "pictures/plan_pictures/95043RW_28_1504625716.jpg", "plan": 1}}, {"model": "main_designs.planpicture", "pk": 29, "fields": {"image": "pictures/plan_pictures/95043RW_29_1504705440.jpg", "plan": 1}}, {"model": "main_designs.planpicture", "pk": 30, "fields": {"image": "pictures/plan_pictures/95043RW_SC_logo_003_1629390406.jpg", "plan": 1}}, {"model": "main_designs.planpicture", "pk": 31, "fields": {"image": "pictures/plan_pictures/16921WG_render_015_1621517182.jpg", "plan": 2}}, {"model": "main_designs.planpicture", "pk": 32, "fields": {"image": "pictures/plan_pictures/16921WG_render_014_1621517182.jpg", "plan": 2}}, {"model": "main_designs.planpicture", "pk": 33, "fields": {"image": "pictures/plan_pictures/16921WG_render_013_1621517181.jpg", "plan": 2}}, {"model": "main_designs.planpicture", "pk": 34, "fields": {"image": "pictures/plan_pictures/16921WG_render_012_1621517181.jpg", "plan": 2}}, {"model": "main_designs.planpicture", "pk": 35, "fields": {"image": "pictures/plan_pictures/16921WG_render_011_1621517179.jpg", "plan": 2}}, {"model": "main_designs.planpicture", "pk": 36, "fields": {"image": "pictures/plan_pictures/16921WG_render_010_1621517181.jpg", "plan": 2}}, {"model": "main_designs.planpicture", "pk": 37, "fields": {"image": "pictures/plan_pictures/16921WG_render_009_1621517181.jpg", "plan": 2}}, {"model": "main_designs.planpicture", "pk": 38, "fields": {"image": "pictures/plan_pictures/16921WG_render_008_1621517179.jpg", "plan": 2}}, {"model": "main_designs.planpicture", "pk": 39, "fields": {"image": "pictures/plan_pictures/16921WG_render_007_1621517179.jpg", "plan": 2}}, {"model": "main_designs.planpicture", "pk": 40, "fields": {"image": "pictures/plan_pictures/16921WG_render_006_1621517179.jpg", "plan": 2}}, {"model": "main_designs.planpicture", "pk": 41, "fields": {"image": "pictures/plan_pictures/16921WG_render_005_1621517179.jpg", "plan": 2}}, {"model": "main_designs.planpicture", "pk": 42, "fields": {"image": "pictures/plan_pictures/16921WG_render_004_1621517177.jpg", "plan": 2}}, {"model": "main_designs.planpicture", "pk": 43, "fields": {"image": "pictures/plan_pictures/16921WG_render_003_1621517177.jpg", "plan": 2}}, {"model": "main_designs.planpicture", "pk": 44, "fields": {"image": "pictures/plan_pictures/16921WG_render_002_1621517177.jpg", "plan": 2}}, {"model": "main_designs.planpicture", "pk": 45, "fields": {"image": "pictures/plan_pictures/16921WG_render_001_1621517177.jpg", "plan": 2}}, {"model": "main_designs.planpicture", "pk": 46, "fields": {"image": "pictures/plan_pictures/16921WG_framing_003_1621517191.jpg", "plan": 2}}, {"model": "main_designs.planpicture", "pk": 47, "fields": {"image": "pictures/plan_pictures/16921WG_framing_002_1621517190.jpg", "plan": 2}}, {"model": "main_designs.planpicture", "pk": 48, "fields": {"image": "pictures/plan_pictures/16921WG_framing_001_1621517190.jpg", "plan": 2}}, {"model": "main_designs.planpicture", "pk": 49, "fields": {"image": "pictures/plan_pictures/135072GRA_1-Front_1631716449.jpg", "plan": 3}}, {"model": "main_designs.planpicture", "pk": 50, "fields": {"image": "pictures/plan_pictures/135072GRA_2-Left_1631716452.jpg", "plan": 3}}, {"model": "main_designs.planpicture", "pk": 51, "fields": {"image": "pictures/plan_pictures/135072GRA_3-Rear_1631716454.jpg", "plan": 3}}, {"model": "main_designs.planpicture", "pk": 52, "fields": {"image": "pictures/plan_pictures/135072GRA_4-Right_1631716456.jpg", "plan": 3}}, {"model": "main_designs.planpicture", "pk": 53, "fields": {"image": "pictures/plan_pictures/135079GRA_rendering_01_1643659445.jpg", "plan": 4}}, {"model": "main_designs.planpicture", "pk": 54, "fields": {"image": "pictures/plan_pictures/135079GRA_rendering_02_1643659445.jpg", "plan": 4}}, {"model": "main_designs.planpicture", "pk": 55, "fields": {"image": "pictures/plan_pictures/135079GRA_rendering_03_1643659445.jpg", "plan": 4}}, {"model": "main_designs.planpicture", "pk": 56, "fields": {"image": "pictures/plan_pictures/135079GRA_rendering_04_1643659446.jpg", "plan": 4}}, {"model": "main_designs.planpicture", "pk": 57, "fields": {"image": "pictures/plan_pictures/16915WG_fall_01_1572442790.jpg", "plan": 5}}, {"model": "main_designs.planpicture", "pk": 58, "fields": {"image": "pictures/plan_pictures/16915WG_fall_02_1572442790.jpg", "plan": 5}}, {"model": "main_designs.planpicture", "pk": 59, "fields": {"image": "pictures/plan_pictures/16915WG_fall_03_1572442791.jpg", "plan": 5}}, {"model": "main_designs.planpicture", "pk": 60, "fields": {"image": "pictures/plan_pictures/16915WG_fall_04_1572442791.jpg", "plan": 5}}, {"model": "main_designs.planpicture", "pk": 61, "fields": {"image": "pictures/plan_pictures/16915WG_fall_05_1572442792.jpg", "plan": 5}}, {"model": "main_designs.planpicture", "pk": 62, "fields": {"image": "pictures/plan_pictures/16915WG_fall_06_1572442793.jpg", "plan": 5}}, {"model": "main_designs.planpicture", "pk": 63, "fields": {"image": "pictures/plan_pictures/16915WG_fall_07_1572442794.jpg", "plan": 5}}, {"model": "main_designs.planpicture", "pk": 64, "fields": {"image": "pictures/plan_pictures/16915WG_fall_08_1572442793.jpg", "plan": 5}}, {"model": "main_designs.planpicture", "pk": 65, "fields": {"image": "pictures/plan_pictures/16915WG_fall_09_1572442792.jpg", "plan": 5}}, {"model": "main_designs.planpicture", "pk": 66, "fields": {"image": "pictures/plan_pictures/16915WG_fall_10_1572442792.jpg", "plan": 5}}, {"model": "main_designs.planpicture", "pk": 67, "fields": {"image": "pictures/plan_pictures/16915WG_RearWalk_1619535407.jpg", "plan": 5}}, {"model": "main_designs.planpicture", "pk": 68, "fields": {"image": "pictures/plan_pictures/62873DJ_new-render-white_1676654904.jpg", "plan": 6}}, {"model": "main_designs.planpicture", "pk": 69, "fields": {"image": "pictures/plan_pictures/62873DJ_Render01_1586446703.jpg", "plan": 6}}, {"model": "main_designs.planpicture", "pk": 70, "fields": {"image": "pictures/plan_pictures/62873DJ_Render02_1586446704.jpg", "plan": 6}}, {"model": "main_designs.planpicture", "pk": 71, "fields": {"image": "pictures/plan_pictures/62873DJ_Render03_1586446705.jpg", "plan": 6}}, {"model": "main_designs.planpicture", "pk": 72, "fields": {"image": "pictures/plan_pictures/62873DJ_Render04_1586446705.jpg", "plan": 6}}, {"model": "main_designs.planpicture", "pk": 73, "fields": {"image": "pictures/plan_pictures/62873DJ_Render05_1586446706.jpg", "plan": 6}}, {"model": "main_designs.planpicture", "pk": 74, "fields": {"image": "pictures/plan_pictures/62873DJ_Render06_1586446706.jpg", "plan": 6}}, {"model": "main_designs.planpicture", "pk": 75, "fields": {"image": "pictures/plan_pictures/62873DJ_Render07_1586446706.jpg", "plan": 6}}, {"model": "main_designs.planpicture", "pk": 76, "fields": {"image": "pictures/plan_pictures/62873DJ_Render08_1586446707.jpg", "plan": 6}}, {"model": "main_designs.planpicture", "pk": 77, "fields": {"image": "pictures/plan_pictures/62873DJ_Render09_1586446707.jpg", "plan": 6}}, {"model": "main_designs.planpicture", "pk": 78, "fields": {"image": "pictures/plan_pictures/62873DJ_Render10_1586446707.jpg", "plan": 6}}, {"model": "main_designs.planpicture", "pk": 79, "fields": {"image": "pictures/plan_pictures/62873DJ_Render11_1586446708.jpg", "plan": 6}}, {"model": "main_designs.planpicture", "pk": 80, "fields": {"image": "pictures/plan_pictures/62873DJ_el-front_1646326117.jpg", "plan": 6}}, {"model": "main_designs.planpicture", "pk": 81, "fields": {"image": "pictures/plan_pictures/62873DJ_el-rear_1646326117.jpg", "plan": 6}}, {"model": "main_designs.planpicture", "pk": 82, "fields": {"image": "pictures/plan_pictures/62873DJ_el-left_1646326117.jpg", "plan": 6}}, {"model": "main_designs.planpicture", "pk": 83, "fields": {"image": "pictures/plan_pictures/62873DJ_el-right_1646326118.jpg", "plan": 6}}, {"model": "main_designs.planpicture", "pk": 85, "fields": {"image": "pictures/plan_pictures/62322DJ_Render01_1612285283.jpg", "plan": 7}}, {"model": "main_designs.planpicture", "pk": 86, "fields": {"image": "pictures/plan_pictures/62322DJ_Render02_1612285284.jpg", "plan": 7}}, {"model": "main_designs.planpicture", "pk": 87, "fields": {"image": "pictures/plan_pictures/62322DJ_Render03_1612285285.jpg", "plan": 7}}, {"model": "main_designs.planpicture", "pk": 88, "fields": {"image": "pictures/plan_pictures/62322DJ_Render04_1612285285.jpg", "plan": 7}}, {"model": "main_designs.planpicture", "pk": 89, "fields": {"image": "pictures/plan_pictures/62322DJ_Render05_1612285286.jpg", "plan": 7}}, {"model": "main_designs.planpicture", "pk": 90, "fields": {"image": "pictures/plan_pictures/62322DJ_Render06_1612285286.jpg", "plan": 7}}, {"model": "main_designs.planpicture", "pk": 91, "fields": {"image": "pictures/plan_pictures/62322DJ_Render07_1612285287.jpg", "plan": 7}}, {"model": "main_designs.planpicture", "pk": 92, "fields": {"image": "pictures/plan_pictures/62322DJ_Render08_1612285287.jpg", "plan": 7}}, {"model": "main_designs.planpicture", "pk": 93, "fields": {"image": "pictures/plan_pictures/62322DJ_Render09_1612285288.jpg", "plan": 7}}, {"model": "main_designs.planpicture", "pk": 94, "fields": {"image": "pictures/plan_pictures/62322DJ_Render10_1612285288.jpg", "plan": 7}}, {"model": "main_designs.planpicture", "pk": 95, "fields": {"image": "pictures/plan_pictures/62322DJ_Render11_1612285288.jpg", "plan": 7}}, {"model": "main_designs.planpicture", "pk": 96, "fields": {"image": "pictures/plan_pictures/51196mm_rendering_1617911305.jpg", "plan": 8}}, {"model": "main_designs.planpicture", "pk": 97, "fields": {"image": "pictures/plan_pictures/51196mm_rear_1617911381.jpg", "plan": 8}}, {"model": "main_designs.planpicture", "pk": 99, "fields": {"image": "pictures/plan_pictures/623034DJ_exterior-halloween-wideangle-2_1666900397.jpg", "plan": 9}}, {"model": "main_designs.planpicture", "pk": 100, "fields": {"image": "pictures/plan_pictures/623034DJ_render_001_1629831386.jpg", "plan": 9}}, {"model": "main_designs.planpicture", "pk": 101, "fields": {"image": "pictures/plan_pictures/623034DJ_render_002_1629831386.jpg", "plan": 9}}, {"model": "main_designs.planpicture", "pk": 102, "fields": {"image": "pictures/plan_pictures/623034DJ_render_003_1629831386.jpg", "plan": 9}}, {"model": "main_designs.planpicture", "pk": 103, "fields": {"image": "pictures/plan_pictures/623034DJ_render_004_1629831387.jpg", "plan": 9}}, {"model": "main_designs.planpicture", "pk": 104, "fields": {"image": "pictures/plan_pictures/623034DJ_render_005_1629831388.jpg", "plan": 9}}, {"model": "main_designs.planpicture", "pk": 105, "fields": {"image": "pictures/plan_pictures/623034DJ_render_006_1629831388.jpg", "plan": 9}}, {"model": "main_designs.planpicture", "pk": 106, "fields": {"image": "pictures/plan_pictures/623034DJ_render_007_1629831388.jpg", "plan": 9}}, {"model": "main_designs.planpicture", "pk": 107, "fields": {"image": "pictures/plan_pictures/623034DJ_render_008_1629831388.jpg", "plan": 9}}, {"model": "main_designs.planpicture", "pk": 108, "fields": {"image": "pictures/plan_pictures/623034DJ_render_009_1629831389.jpg", "plan": 9}}, {"model": "main_designs.planpicture", "pk": 109, "fields": {"image": "pictures/plan_pictures/623034DJ_render_010_1629831390.jpg", "plan": 9}}, {"model": "main_designs.planpicture", "pk": 110, "fields": {"image": "pictures/plan_pictures/623034DJ_render_011_1629831388.jpg", "plan": 9}}, {"model": "main_designs.planpicture", "pk": 111, "fields": {"image": "pictures/plan_pictures/70718MK_rendering_001_1637179584.jpg", "plan": 10}}, {"model": "main_designs.planpicture", "pk": 112, "fields": {"image": "pictures/plan_pictures/70718MK_rendering_002_1637179584.jpg", "plan": 10}}, {"model": "main_designs.planpicture", "pk": 113, "fields": {"image": "pictures/plan_pictures/70718MK_rendering_003_1637179584.jpg", "plan": 10}}, {"model": "main_designs.planpicture", "pk": 114, "fields": {"image": "pictures/plan_pictures/70718MK_rendering_004_1637179584.jpg", "plan": 10}}, {"model": "main_designs.planpicture", "pk": 115, "fields": {"image": "pictures/plan_pictures/70718MK_rendering_005_1637179585.jpg", "plan": 10}}, {"model": "main_designs.planpicture", "pk": 116, "fields": {"image": "pictures/plan_pictures/70718MK_rendering-black-columns_005_1637603476.jpg", "plan": 10}}, {"model": "main_designs.planpicture", "pk": 117, "fields": {"image": "pictures/plan_pictures/623032DJ_render_001_1629230247_nvvoiZk.jpg", "plan": 11}}, {"model": "main_designs.planpicture", "pk": 118, "fields": {"image": "pictures/plan_pictures/623032dj_great_1629230938.jpg", "plan": 11}}, {"model": "main_designs.planpicture", "pk": 119, "fields": {"image": "pictures/plan_pictures/623032dj_kitchen_1629230764.jpg", "plan": 11}}, {"model": "main_designs.planpicture", "pk": 120, "fields": {"image": "pictures/plan_pictures/623032dj_dining_1629230842_gdic0rd.jpg", "plan": 11}}, {"model": "main_designs.planpicture", "pk": 121, "fields": {"image": "pictures/plan_pictures/623032DJ_render_002_1629230251.jpg", "plan": 11}}, {"model": "main_designs.planpicture", "pk": 122, "fields": {"image": "pictures/plan_pictures/623032DJ_render_003_1629230254.jpg", "plan": 11}}, {"model": "main_designs.planpicture", "pk": 123, "fields": {"image": "pictures/plan_pictures/623032DJ_render_004_1629230256.jpg", "plan": 11}}, {"model": "main_designs.planpicture", "pk": 124, "fields": {"image": "pictures/plan_pictures/623032DJ_render_005_1629230260.jpg", "plan": 11}}, {"model": "main_designs.planpicture", "pk": 125, "fields": {"image": "pictures/plan_pictures/623032DJ_render_006_1629230260.jpg", "plan": 11}}, {"model": "main_designs.planpicture", "pk": 126, "fields": {"image": "pictures/plan_pictures/623032DJ_render_007_1629230261.jpg", "plan": 11}}, {"model": "main_designs.planpicture", "pk": 127, "fields": {"image": "pictures/plan_pictures/623032DJ_render_008_1629230261.jpg", "plan": 11}}, {"model": "main_designs.planpicture", "pk": 128, "fields": {"image": "pictures/plan_pictures/623032DJ_render_009_1629230262.jpg", "plan": 11}}, {"model": "main_designs.planpicture", "pk": 129, "fields": {"image": "pictures/plan_pictures/623032DJ_render_010_1629230262.jpg", "plan": 11}}, {"model": "main_designs.planpicture", "pk": 130, "fields": {"image": "pictures/plan_pictures/623032DJ_render_011_1629230262.jpg", "plan": 11}}, {"model": "main_designs.planpicture", "pk": 131, "fields": {"image": "pictures/plan_pictures/623032DJ_render-012_1629315250.jpg", "plan": 11}}, {"model": "main_designs.planpicture", "pk": 132, "fields": {"image": "pictures/plan_pictures/623032DJ_render-013_1629315250.jpg", "plan": 11}}, {"model": "main_designs.planpicture", "pk": 133, "fields": {"image": "pictures/plan_pictures/623032DJ_render-014_1629315250.jpg", "plan": 11}}, {"model": "main_designs.planpicture", "pk": 134, "fields": {"image": "pictures/plan_pictures/623032DJ_render-015_1629315250.jpg", "plan": 11}}, {"model": "main_designs.planpicture", "pk": 135, "fields": {"image": "pictures/plan_pictures/623032DJ_render-016_1629315252.jpg", "plan": 11}}, {"model": "main_designs.planpicture", "pk": 136, "fields": {"image": "pictures/plan_pictures/68888VR_rendering_001_1639670241.jpg", "plan": 12}}, {"model": "main_designs.planpicture", "pk": 137, "fields": {"image": "pictures/plan_pictures/68888VR_rendering_002_1639670241.jpg", "plan": 12}}, {"model": "main_designs.planpicture", "pk": 138, "fields": {"image": "pictures/plan_pictures/68888VR_rendering_003_1639670241.jpg", "plan": 12}}, {"model": "main_designs.planpicture", "pk": 139, "fields": {"image": "pictures/plan_pictures/68888VR_el-front_1639670257.jpg", "plan": 12}}, {"model": "main_designs.planpicture", "pk": 140, "fields": {"image": "pictures/plan_pictures/68888VR_el-left_1639670257.jpg", "plan": 12}}, {"model": "main_designs.planpicture", "pk": 141, "fields": {"image": "pictures/plan_pictures/68888VR_el-rear_1639670257.jpg", "plan": 12}}, {"model": "main_designs.planpicture", "pk": 142, "fields": {"image": "pictures/plan_pictures/68888VR_el-right_1639670257.jpg", "plan": 12}}, {"model": "main_designs.planpicture", "pk": 143, "fields": {"image": "pictures/plan_pictures/62381DJ_render_001_1621565357.jpg", "plan": 13}}, {"model": "main_designs.planpicture", "pk": 144, "fields": {"image": "pictures/plan_pictures/62381DJ_render_002_1621565358.jpg", "plan": 13}}, {"model": "main_designs.planpicture", "pk": 145, "fields": {"image": "pictures/plan_pictures/62381DJ_render_003_1621565359.jpg", "plan": 13}}, {"model": "main_designs.planpicture", "pk": 146, "fields": {"image": "pictures/plan_pictures/62381DJ_render_004_1621565359.jpg", "plan": 13}}, {"model": "main_designs.planpicture", "pk": 147, "fields": {"image": "pictures/plan_pictures/62381DJ_render_005_1621565360.jpg", "plan": 13}}, {"model": "main_designs.planpicture", "pk": 148, "fields": {"image": "pictures/plan_pictures/62381DJ_render_006_1621565361.jpg", "plan": 13}}, {"model": "main_designs.planpicture", "pk": 149, "fields": {"image": "pictures/plan_pictures/62381DJ_render_007_1621565361.jpg", "plan": 13}}, {"model": "main_designs.planpicture", "pk": 150, "fields": {"image": "pictures/plan_pictures/62381DJ_render_008_1621565361.jpg", "plan": 13}}, {"model": "main_designs.planpicture", "pk": 151, "fields": {"image": "pictures/plan_pictures/62381DJ_render_009_1621565362.jpg", "plan": 13}}, {"model": "main_designs.planpicture", "pk": 152, "fields": {"image": "pictures/plan_pictures/62381DJ_render_010_1621565363.jpg", "plan": 13}}, {"model": "main_designs.planpicture", "pk": 153, "fields": {"image": "pictures/plan_pictures/62381DJ_render_011_1621565364.jpg", "plan": 13}}, {"model": "main_designs.planpicture", "pk": 154, "fields": {"image": "pictures/plan_pictures/135075GRA-1-Front_1631898259.jpg", "plan": 14}}, {"model": "main_designs.planpicture", "pk": 155, "fields": {"image": "pictures/plan_pictures/135075GRA-2-Front-2_1631898260.jpg", "plan": 14}}, {"model": "main_designs.planpicture", "pk": 156, "fields": {"image": "pictures/plan_pictures/135075GRA-3-Left_1631898262.jpg", "plan": 14}}, {"model": "main_designs.planpicture", "pk": 157, "fields": {"image": "pictures/plan_pictures/135075GRA-4-Rear_1631898264.jpg", "plan": 14}}, {"model": "main_designs.planpicture", "pk": 158, "fields": {"image": "pictures/plan_pictures/135075GRA-5-Right_1631898266.jpg", "plan": 14}}, {"model": "admin.logentry", "pk": 1, "fields": {"action_time": "2023-03-14T11:54:34.238Z", "user": 1, "content_type": 8, "object_id": "1", "object_repr": "Contemporary Country Barn Dream Home", "action_flag": 1, "change_message": "[{\"added\": {}}, {\"added\": {\"name\": \"plan picture\", \"object\": \"PlanPicture object (1)\"}}, {\"added\": {\"name\": \"plan picture\", \"object\": \"PlanPicture object (2)\"}}, {\"added\": {\"name\": \"floor picture\", \"object\": \"FloorPicture object (1)\"}}, {\"added\": {\"name\": \"floor picture\", \"object\": \"FloorPicture object (2)\"}}, {\"added\": {\"name\": \"floor picture\", \"object\": \"FloorPicture object (3)\"}}]"}}, {"model": "admin.logentry", "pk": 2, "fields": {"action_time": "2023-03-14T11:56:11.227Z", "user": 1, "content_type": 8, "object_id": "1", "object_repr": "Contemporary Country Barn Dream Home", "action_flag": 2, "change_message": "[{\"changed\": {\"fields\": [\"Heated sq feet\"]}}]"}}, {"model": "admin.logentry", "pk": 3, "fields": {"action_time": "2023-03-14T12:05:23.248Z", "user": 1, "content_type": 8, "object_id": "1", "object_repr": "Plan object (1)", "action_flag": 2, "change_message": "[]"}}, {"model": "admin.logentry", "pk": 4, "fields": {"action_time": "2023-03-14T12:13:43.711Z", "user": 1, "content_type": 8, "object_id": "1", "object_repr": "Plan object (1)", "action_flag": 2, "change_message": "[{\"added\": {\"name\": \"plan picture\", \"object\": \"PlanPicture object (3)\"}}]"}}, {"model": "admin.logentry", "pk": 5, "fields": {"action_time": "2023-03-14T14:25:47.977Z", "user": 1, "content_type": 8, "object_id": "1", "object_repr": "Contemporary Country Barn Dream Home", "action_flag": 2, "change_message": "[]"}}, {"model": "admin.logentry", "pk": 6, "fields": {"action_time": "2023-03-14T14:26:19.078Z", "user": 1, "content_type": 8, "object_id": "1", "object_repr": "Contemporary Country Barn Dream Home", "action_flag": 2, "change_message": "[{\"changed\": {\"name\": \"plan picture\", \"object\": \"PlanPicture object (1)\", \"fields\": [\"Image\"]}}]"}}, {"model": "admin.logentry", "pk": 7, "fields": {"action_time": "2023-03-14T14:36:37.894Z", "user": 1, "content_type": 8, "object_id": "1", "object_repr": "Contemporary Country Barn Dream Home", "action_flag": 2, "change_message": "[{\"added\": {\"name\": \"plan picture\", \"object\": \"PlanPicture object (4)\"}}, {\"added\": {\"name\": \"plan picture\", \"object\": \"PlanPicture object (5)\"}}, {\"added\": {\"name\": \"plan picture\", \"object\": \"PlanPicture object (6)\"}}, {\"changed\": {\"name\": \"plan picture\", \"object\": \"PlanPicture object (2)\", \"fields\": [\"Image\"]}}, {\"changed\": {\"name\": \"plan picture\", \"object\": \"PlanPicture object (3)\", \"fields\": [\"Image\"]}}, {\"changed\": {\"name\": \"floor picture\", \"object\": \"FloorPicture object (1)\", \"fields\": [\"Image\"]}}, {\"changed\": {\"name\": \"floor picture\", \"object\": \"FloorPicture object (2)\", \"fields\": [\"Image\"]}}, {\"changed\": {\"name\": \"floor picture\", \"object\": \"FloorPicture object (3)\", \"fields\": [\"Image\"]}}]"}}, {"model": "admin.logentry", "pk": 8, "fields": {"action_time": "2023-03-14T14:39:36.724Z", "user": 1, "content_type": 8, "object_id": "1", "object_repr": "Contemporary Country Barn Dream Home", "action_flag": 2, "change_message": "[{\"added\": {\"name\": \"plan picture\", \"object\": \"PlanPicture object (7)\"}}, {\"added\": {\"name\": \"plan picture\", \"object\": \"PlanPicture object (8)\"}}, {\"added\": {\"name\": \"plan picture\", \"object\": \"PlanPicture object (9)\"}}, {\"added\": {\"name\": \"plan picture\", \"object\": \"PlanPicture object (10)\"}}, {\"added\": {\"name\": \"plan picture\", \"object\": \"PlanPicture object (11)\"}}, {\"added\": {\"name\": \"plan picture\", \"object\": \"PlanPicture object (12)\"}}, {\"added\": {\"name\": \"plan picture\", \"object\": \"PlanPicture object (13)\"}}, {\"added\": {\"name\": \"plan picture\", \"object\": \"PlanPicture object (14)\"}}, {\"added\": {\"name\": \"plan picture\", \"object\": \"PlanPicture object (15)\"}}, {\"added\": {\"name\": \"plan picture\", \"object\": \"PlanPicture object (16)\"}}, {\"added\": {\"name\": \"plan picture\", \"object\": \"PlanPicture object (17)\"}}, {\"added\": {\"name\": \"plan picture\", \"object\": \"PlanPicture object (18)\"}}, {\"added\": {\"name\": \"plan picture\", \"object\": \"PlanPicture object (19)\"}}, {\"added\": {\"name\": \"plan picture\", \"object\": \"PlanPicture object (20)\"}}, {\"added\": {\"name\": \"plan picture\", \"object\": \"PlanPicture object (21)\"}}, {\"added\": {\"name\": \"plan picture\", \"object\": \"PlanPicture object (22)\"}}, {\"added\": {\"name\": \"plan picture\", \"object\": \"PlanPicture object (23)\"}}, {\"added\": {\"name\": \"plan picture\", \"object\": \"PlanPicture object (24)\"}}, {\"added\": {\"name\": \"plan picture\", \"object\": \"PlanPicture object (25)\"}}, {\"added\": {\"name\": \"plan picture\", \"object\": \"PlanPicture object (26)\"}}, {\"added\": {\"name\": \"plan picture\", \"object\": \"PlanPicture object (27)\"}}, {\"added\": {\"name\": \"plan picture\", \"object\": \"PlanPicture object (28)\"}}, {\"added\": {\"name\": \"plan picture\", \"object\": \"PlanPicture object (29)\"}}, {\"added\": {\"name\": \"plan picture\", \"object\": \"PlanPicture object (30)\"}}]"}}, {"model": "admin.logentry", "pk": 9, "fields": {"action_time": "2023-03-14T14:49:50.008Z", "user": 1, "content_type": 8, "object_id": "2", "object_repr": "3-Bedroom Modern Farmhouse Plan with Metal or Wood Framing Options", "action_flag": 1, "change_message": "[{\"added\": {}}, {\"added\": {\"name\": \"plan picture\", \"object\": \"PlanPicture object (31)\"}}, {\"added\": {\"name\": \"plan picture\", \"object\": \"PlanPicture object (32)\"}}, {\"added\": {\"name\": \"plan picture\", \"object\": \"PlanPicture object (33)\"}}, {\"added\": {\"name\": \"plan picture\", \"object\": \"PlanPicture object (34)\"}}, {\"added\": {\"name\": \"plan picture\", \"object\": \"PlanPicture object (35)\"}}, {\"added\": {\"name\": \"plan picture\", \"object\": \"PlanPicture object (36)\"}}, {\"added\": {\"name\": \"plan picture\", \"object\": \"PlanPicture object (37)\"}}, {\"added\": {\"name\": \"plan picture\", \"object\": \"PlanPicture object (38)\"}}, {\"added\": {\"name\": \"plan picture\", \"object\": \"PlanPicture object (39)\"}}, {\"added\": {\"name\": \"plan picture\", \"object\": \"PlanPicture object (40)\"}}, {\"added\": {\"name\": \"plan picture\", \"object\": \"PlanPicture object (41)\"}}, {\"added\": {\"name\": \"plan picture\", \"object\": \"PlanPicture object (42)\"}}, {\"added\": {\"name\": \"plan picture\", \"object\": \"PlanPicture object (43)\"}}, {\"added\": {\"name\": \"plan picture\", \"object\": \"PlanPicture object (44)\"}}, {\"added\": {\"name\": \"plan picture\", \"object\": \"PlanPicture object (45)\"}}, {\"added\": {\"name\": \"plan picture\", \"object\": \"PlanPicture object (46)\"}}, {\"added\": {\"name\": \"plan picture\", \"object\": \"PlanPicture object (47)\"}}, {\"added\": {\"name\": \"plan picture\", \"object\": \"PlanPicture object (48)\"}}, {\"added\": {\"name\": \"floor picture\", \"object\": \"FloorPicture object (4)\"}}]"}}, {"model": "admin.logentry", "pk": 10, "fields": {"action_time": "2023-03-14T14:50:12.874Z", "user": 1, "content_type": 8, "object_id": "2", "object_repr": "3-Bedroom Modern Farmhouse Plan with Metal or Wood Framing Options", "action_flag": 2, "change_message": "[{\"changed\": {\"fields\": [\"Heated sq feet\"]}}]"}}, {"model": "admin.logentry", "pk": 11, "fields": {"action_time": "2023-03-14T14:54:07.890Z", "user": 1, "content_type": 8, "object_id": "3", "object_repr": "Farmhouse-inspired Barndominium with Wraparound Porch", "action_flag": 1, "change_message": "[{\"added\": {}}, {\"added\": {\"name\": \"plan picture\", \"object\": \"PlanPicture object (49)\"}}, {\"added\": {\"name\": \"plan picture\", \"object\": \"PlanPicture object (50)\"}}, {\"added\": {\"name\": \"plan picture\", \"object\": \"PlanPicture object (51)\"}}, {\"added\": {\"name\": \"plan picture\", \"object\": \"PlanPicture object (52)\"}}, {\"added\": {\"name\": \"floor picture\", \"object\": \"FloorPicture object (5)\"}}]"}}, {"model": "admin.logentry", "pk": 12, "fields": {"action_time": "2023-03-15T09:27:00.713Z", "user": 1, "content_type": 8, "object_id": "1", "object_repr": "Contemporary Country Barn Dream Home", "action_flag": 2, "change_message": "[]"}}, {"model": "admin.logentry", "pk": 13, "fields": {"action_time": "2023-03-15T09:33:31.569Z", "user": 1, "content_type": 8, "object_id": "1", "object_repr": "Contemporary Country Barn Dream Home", "action_flag": 2, "change_message": "[]"}}, {"model": "admin.logentry", "pk": 14, "fields": {"action_time": "2023-03-15T09:34:49.785Z", "user": 1, "content_type": 8, "object_id": "1", "object_repr": "Contemporary Country Barn Dream Home", "action_flag": 2, "change_message": "[{\"changed\": {\"name\": \"floor picture\", \"object\": \"FloorPicture object (1)\", \"fields\": [\"Image\"]}}]"}}, {"model": "admin.logentry", "pk": 15, "fields": {"action_time": "2023-03-15T09:35:58.424Z", "user": 1, "content_type": 8, "object_id": "1", "object_repr": "Contemporary Country Barn Dream Home", "action_flag": 2, "change_message": "[{\"changed\": {\"name\": \"floor picture\", \"object\": \"FloorPicture object (1)\", \"fields\": [\"Image\"]}}]"}}, {"model": "admin.logentry", "pk": 16, "fields": {"action_time": "2023-03-15T09:36:53.253Z", "user": 1, "content_type": 8, "object_id": "1", "object_repr": "Contemporary Country Barn Dream Home", "action_flag": 2, "change_message": "[{\"changed\": {\"name\": \"floor picture\", \"object\": \"FloorPicture object (1)\", \"fields\": [\"Image\"]}}]"}}, {"model": "admin.logentry", "pk": 17, "fields": {"action_time": "2023-03-15T09:39:15.232Z", "user": 1, "content_type": 8, "object_id": "1", "object_repr": "Contemporary Country Barn Dream Home", "action_flag": 2, "change_message": "[]"}}, {"model": "admin.logentry", "pk": 18, "fields": {"action_time": "2023-03-15T09:39:43.216Z", "user": 1, "content_type": 8, "object_id": "1", "object_repr": "Contemporary Country Barn Dream Home", "action_flag": 2, "change_message": "[]"}}, {"model": "admin.logentry", "pk": 19, "fields": {"action_time": "2023-03-15T09:40:26.960Z", "user": 1, "content_type": 8, "object_id": "1", "object_repr": "Contemporary Country Barn Dream Home", "action_flag": 2, "change_message": "[{\"changed\": {\"name\": \"floor picture\", \"object\": \"FloorPicture object (1)\", \"fields\": [\"Image\"]}}]"}}, {"model": "admin.logentry", "pk": 20, "fields": {"action_time": "2023-03-15T09:41:03.107Z", "user": 1, "content_type": 8, "object_id": "1", "object_repr": "Contemporary Country Barn Dream Home", "action_flag": 2, "change_message": "[{\"changed\": {\"name\": \"plan picture\", \"object\": \"PlanPicture object (1)\", \"fields\": [\"Image\"]}}]"}}, {"model": "admin.logentry", "pk": 21, "fields": {"action_time": "2023-03-17T19:02:45.328Z", "user": 1, "content_type": 8, "object_id": "3", "object_repr": "Farmhouse-inspired Barndominium with Wraparound Porch", "action_flag": 2, "change_message": "[{\"changed\": {\"fields\": [\"Heated sq feet\"]}}]"}}, {"model": "admin.logentry", "pk": 22, "fields": {"action_time": "2023-03-17T19:02:55.026Z", "user": 1, "content_type": 8, "object_id": "2", "object_repr": "3-Bedroom Modern Farmhouse Plan with Metal or Wood Framing Options", "action_flag": 2, "change_message": "[{\"changed\": {\"fields\": [\"Heated sq feet\"]}}]"}}, {"model": "admin.logentry", "pk": 23, "fields": {"action_time": "2023-03-17T19:03:02.307Z", "user": 1, "content_type": 8, "object_id": "1", "object_repr": "Contemporary Country Barn Dream Home", "action_flag": 2, "change_message": "[{\"changed\": {\"fields\": [\"Heated sq feet\"]}}]"}}, {"model": "admin.logentry", "pk": 24, "fields": {"action_time": "2023-03-17T19:05:33.896Z", "user": 1, "content_type": 8, "object_id": "1", "object_repr": "Contemporary Country Barn Dream Home", "action_flag": 2, "change_message": "[{\"changed\": {\"fields\": [\"Heated sq feet\"]}}]"}}, {"model": "admin.logentry", "pk": 25, "fields": {"action_time": "2023-03-17T19:05:49.270Z", "user": 1, "content_type": 8, "object_id": "2", "object_repr": "3-Bedroom Modern Farmhouse Plan with Metal or Wood Framing Options", "action_flag": 2, "change_message": "[{\"changed\": {\"fields\": [\"Heated sq feet\"]}}]"}}, {"model": "admin.logentry", "pk": 26, "fields": {"action_time": "2023-03-17T19:06:14.587Z", "user": 1, "content_type": 8, "object_id": "3", "object_repr": "Farmhouse-inspired Barndominium with Wraparound Porch", "action_flag": 2, "change_message": "[{\"changed\": {\"fields\": [\"Heated sq feet\"]}}]"}}, {"model": "admin.logentry", "pk": 27, "fields": {"action_time": "2023-03-17T19:42:46.257Z", "user": 1, "content_type": 8, "object_id": "2", "object_repr": "3-Bedroom Modern Farmhouse Plan with Metal or Wood Framing Options", "action_flag": 2, "change_message": "[{\"changed\": {\"name\": \"floor picture\", \"object\": \"FloorPicture object (4)\", \"fields\": [\"Image\"]}}]"}}, {"model": "admin.logentry", "pk": 28, "fields": {"action_time": "2023-03-17T19:43:09.858Z", "user": 1, "content_type": 8, "object_id": "3", "object_repr": "Farmhouse-inspired Barndominium with Wraparound Porch", "action_flag": 2, "change_message": "[{\"changed\": {\"name\": \"floor picture\", \"object\": \"FloorPicture object (5)\", \"fields\": [\"Image\"]}}]"}}, {"model": "admin.logentry", "pk": 29, "fields": {"action_time": "2023-03-19T19:41:06.416Z", "user": 1, "content_type": 8, "object_id": "1", "object_repr": "Contemporary Country Barn Dream Home", "action_flag": 2, "change_message": "[{\"deleted\": {\"name\": \"floor picture\", \"object\": \"FloorPicture object (None)\"}}]"}}, {"model": "admin.logentry", "pk": 30, "fields": {"action_time": "2023-03-19T19:41:10.358Z", "user": 1, "content_type": 8, "object_id": "2", "object_repr": "3-Bedroom Modern Farmhouse Plan with Metal or Wood Framing Options", "action_flag": 2, "change_message": "[]"}}, {"model": "admin.logentry", "pk": 31, "fields": {"action_time": "2023-03-19T19:41:13.755Z", "user": 1, "content_type": 8, "object_id": "3", "object_repr": "Farmhouse-inspired Barndominium with Wraparound Porch", "action_flag": 2, "change_message": "[]"}}, {"model": "admin.logentry", "pk": 32, "fields": {"action_time": "2023-03-20T08:41:46.772Z", "user": 1, "content_type": 8, "object_id": "4", "object_repr": "Shouse with Two-story Great Room, a Car Show Room and a Home Office", "action_flag": 1, "change_message": "[{\"added\": {}}, {\"added\": {\"name\": \"plan picture\", \"object\": \"PlanPicture object (53)\"}}, {\"added\": {\"name\": \"plan picture\", \"object\": \"PlanPicture object (54)\"}}, {\"added\": {\"name\": \"plan picture\", \"object\": \"PlanPicture object (55)\"}}, {\"added\": {\"name\": \"plan picture\", \"object\": \"PlanPicture object (56)\"}}, {\"added\": {\"name\": \"floor picture\", \"object\": \"FloorPicture object (6)\"}}, {\"added\": {\"name\": \"floor picture\", \"object\": \"FloorPicture object (7)\"}}]"}}, {"model": "admin.logentry", "pk": 33, "fields": {"action_time": "2023-03-20T08:49:31.196Z", "user": 1, "content_type": 8, "object_id": "5", "object_repr": "New American House Plan with Industrial Metal-Clad Turret", "action_flag": 1, "change_message": "[{\"added\": {}}, {\"added\": {\"name\": \"plan picture\", \"object\": \"PlanPicture object (57)\"}}, {\"added\": {\"name\": \"plan picture\", \"object\": \"PlanPicture object (58)\"}}, {\"added\": {\"name\": \"plan picture\", \"object\": \"PlanPicture object (59)\"}}, {\"added\": {\"name\": \"plan picture\", \"object\": \"PlanPicture object (60)\"}}, {\"added\": {\"name\": \"plan picture\", \"object\": \"PlanPicture object (61)\"}}, {\"added\": {\"name\": \"plan picture\", \"object\": \"PlanPicture object (62)\"}}, {\"added\": {\"name\": \"plan picture\", \"object\": \"PlanPicture object (63)\"}}, {\"added\": {\"name\": \"plan picture\", \"object\": \"PlanPicture object (64)\"}}, {\"added\": {\"name\": \"plan picture\", \"object\": \"PlanPicture object (65)\"}}, {\"added\": {\"name\": \"plan picture\", \"object\": \"PlanPicture object (66)\"}}, {\"added\": {\"name\": \"plan picture\", \"object\": \"PlanPicture object (67)\"}}, {\"added\": {\"name\": \"floor picture\", \"object\": \"FloorPicture object (8)\"}}, {\"added\": {\"name\": \"floor picture\", \"object\": \"FloorPicture object (9)\"}}]"}}, {"model": "admin.logentry", "pk": 34, "fields": {"action_time": "2023-03-20T08:55:37.757Z", "user": 1, "content_type": 8, "object_id": "6", "object_repr": "Modern Mountain House Plan with Great Room Open to Upstairs Loft", "action_flag": 1, "change_message": "[{\"added\": {}}, {\"added\": {\"name\": \"plan picture\", \"object\": \"PlanPicture object (68)\"}}, {\"added\": {\"name\": \"plan picture\", \"object\": \"PlanPicture object (69)\"}}, {\"added\": {\"name\": \"plan picture\", \"object\": \"PlanPicture object (70)\"}}, {\"added\": {\"name\": \"plan picture\", \"object\": \"PlanPicture object (71)\"}}, {\"added\": {\"name\": \"plan picture\", \"object\": \"PlanPicture object (72)\"}}, {\"added\": {\"name\": \"plan picture\", \"object\": \"PlanPicture object (73)\"}}, {\"added\": {\"name\": \"plan picture\", \"object\": \"PlanPicture object (74)\"}}, {\"added\": {\"name\": \"plan picture\", \"object\": \"PlanPicture object (75)\"}}, {\"added\": {\"name\": \"plan picture\", \"object\": \"PlanPicture object (76)\"}}, {\"added\": {\"name\": \"plan picture\", \"object\": \"PlanPicture object (77)\"}}, {\"added\": {\"name\": \"plan picture\", \"object\": \"PlanPicture object (78)\"}}, {\"added\": {\"name\": \"plan picture\", \"object\": \"PlanPicture object (79)\"}}, {\"added\": {\"name\": \"plan picture\", \"object\": \"PlanPicture object (80)\"}}, {\"added\": {\"name\": \"plan picture\", \"object\": \"PlanPicture object (81)\"}}, {\"added\": {\"name\": \"plan picture\", \"object\": \"PlanPicture object (82)\"}}, {\"added\": {\"name\": \"plan picture\", \"object\": \"PlanPicture object (83)\"}}, {\"added\": {\"name\": \"floor picture\", \"object\": \"FloorPicture object (10)\"}}, {\"added\": {\"name\": \"floor picture\", \"object\": \"FloorPicture object (11)\"}}]"}}, {"model": "admin.logentry", "pk": 35, "fields": {"action_time": "2023-03-20T09:00:38.405Z", "user": 1, "content_type": 8, "object_id": "7", "object_repr": "New American Garage Apartment Plan with Barndominium Styling", "action_flag": 1, "change_message": "[{\"added\": {}}, {\"added\": {\"name\": \"plan picture\", \"object\": \"PlanPicture object (84)\"}}, {\"added\": {\"name\": \"plan picture\", \"object\": \"PlanPicture object (85)\"}}, {\"added\": {\"name\": \"plan picture\", \"object\": \"PlanPicture object (86)\"}}, {\"added\": {\"name\": \"plan picture\", \"object\": \"PlanPicture object (87)\"}}, {\"added\": {\"name\": \"plan picture\", \"object\": \"PlanPicture object (88)\"}}, {\"added\": {\"name\": \"plan picture\", \"object\": \"PlanPicture object (89)\"}}, {\"added\": {\"name\": \"plan picture\", \"object\": \"PlanPicture object (90)\"}}, {\"added\": {\"name\": \"plan picture\", \"object\": \"PlanPicture object (91)\"}}, {\"added\": {\"name\": \"plan picture\", \"object\": \"PlanPicture object (92)\"}}, {\"added\": {\"name\": \"plan picture\", \"object\": \"PlanPicture object (93)\"}}, {\"added\": {\"name\": \"plan picture\", \"object\": \"PlanPicture object (94)\"}}, {\"added\": {\"name\": \"plan picture\", \"object\": \"PlanPicture object (95)\"}}, {\"added\": {\"name\": \"floor picture\", \"object\": \"FloorPicture object (12)\"}}, {\"added\": {\"name\": \"floor picture\", \"object\": \"FloorPicture object (13)\"}}]"}}, {"model": "admin.logentry", "pk": 36, "fields": {"action_time": "2023-03-20T09:03:20.214Z", "user": 1, "content_type": 8, "object_id": "8", "object_repr": "Barndominium with Hay Loft and Drive-through Tractor Storage", "action_flag": 1, "change_message": "[{\"added\": {}}, {\"added\": {\"name\": \"plan picture\", \"object\": \"PlanPicture object (96)\"}}, {\"added\": {\"name\": \"plan picture\", \"object\": \"PlanPicture object (97)\"}}, {\"added\": {\"name\": \"floor picture\", \"object\": \"FloorPicture object (14)\"}}, {\"added\": {\"name\": \"floor picture\", \"object\": \"FloorPicture object (15)\"}}]"}}, {"model": "admin.logentry", "pk": 37, "fields": {"action_time": "2023-03-20T09:10:04.884Z", "user": 1, "content_type": 8, "object_id": "9", "object_repr": "4-Bedroom Modern Farmhouse Barndominium with Large Bonus Room over Garage", "action_flag": 1, "change_message": "[{\"added\": {}}, {\"added\": {\"name\": \"plan picture\", \"object\": \"PlanPicture object (98)\"}}, {\"added\": {\"name\": \"plan picture\", \"object\": \"PlanPicture object (99)\"}}, {\"added\": {\"name\": \"plan picture\", \"object\": \"PlanPicture object (100)\"}}, {\"added\": {\"name\": \"plan picture\", \"object\": \"PlanPicture object (101)\"}}, {\"added\": {\"name\": \"plan picture\", \"object\": \"PlanPicture object (102)\"}}, {\"added\": {\"name\": \"plan picture\", \"object\": \"PlanPicture object (103)\"}}, {\"added\": {\"name\": \"plan picture\", \"object\": \"PlanPicture object (104)\"}}, {\"added\": {\"name\": \"plan picture\", \"object\": \"PlanPicture object (105)\"}}, {\"added\": {\"name\": \"plan picture\", \"object\": \"PlanPicture object (106)\"}}, {\"added\": {\"name\": \"plan picture\", \"object\": \"PlanPicture object (107)\"}}, {\"added\": {\"name\": \"plan picture\", \"object\": \"PlanPicture object (108)\"}}, {\"added\": {\"name\": \"plan picture\", \"object\": \"PlanPicture object (109)\"}}, {\"added\": {\"name\": \"plan picture\", \"object\": \"PlanPicture object (110)\"}}, {\"added\": {\"name\": \"floor picture\", \"object\": \"FloorPicture object (16)\"}}, {\"added\": {\"name\": \"floor picture\", \"object\": \"FloorPicture object (17)\"}}]"}}, {"model": "admin.logentry", "pk": 38, "fields": {"action_time": "2023-03-20T09:17:03.085Z", "user": 1, "content_type": 8, "object_id": "7", "object_repr": "New American Garage Apartment Plan with Barndominium Styling", "action_flag": 2, "change_message": "[{\"deleted\": {\"name\": \"plan picture\", \"object\": \"PlanPicture object (None)\"}}]"}}, {"model": "admin.logentry", "pk": 39, "fields": {"action_time": "2023-03-20T09:24:25.756Z", "user": 1, "content_type": 8, "object_id": "9", "object_repr": "4-Bedroom Modern Farmhouse Barndominium with Large Bonus Room over Garage", "action_flag": 2, "change_message": "[{\"deleted\": {\"name\": \"plan picture\", \"object\": \"PlanPicture object (None)\"}}]"}}, {"model": "admin.logentry", "pk": 40, "fields": {"action_time": "2023-03-20T09:37:34.246Z", "user": 1, "content_type": 8, "object_id": "10", "object_repr": "Rustic Home Plan with Wraparound Porch and 2-Story Great Room with Loft Overlook", "action_flag": 1, "change_message": "[{\"added\": {}}, {\"added\": {\"name\": \"plan picture\", \"object\": \"PlanPicture object (111)\"}}, {\"added\": {\"name\": \"plan picture\", \"object\": \"PlanPicture object (112)\"}}, {\"added\": {\"name\": \"plan picture\", \"object\": \"PlanPicture object (113)\"}}, {\"added\": {\"name\": \"plan picture\", \"object\": \"PlanPicture object (114)\"}}, {\"added\": {\"name\": \"plan picture\", \"object\": \"PlanPicture object (115)\"}}, {\"added\": {\"name\": \"plan picture\", \"object\": \"PlanPicture object (116)\"}}, {\"added\": {\"name\": \"floor picture\", \"object\": \"FloorPicture object (18)\"}}, {\"added\": {\"name\": \"floor picture\", \"object\": \"FloorPicture object (19)\"}}]"}}, {"model": "admin.logentry", "pk": 41, "fields": {"action_time": "2023-03-20T09:43:20.370Z", "user": 1, "content_type": 8, "object_id": "11", "object_repr": "Barndominium-style House Plan with Home Office and Two-story Great Room", "action_flag": 1, "change_message": "[{\"added\": {}}, {\"added\": {\"name\": \"plan picture\", \"object\": \"PlanPicture object (117)\"}}, {\"added\": {\"name\": \"plan picture\", \"object\": \"PlanPicture object (118)\"}}, {\"added\": {\"name\": \"plan picture\", \"object\": \"PlanPicture object (119)\"}}, {\"added\": {\"name\": \"plan picture\", \"object\": \"PlanPicture object (120)\"}}, {\"added\": {\"name\": \"plan picture\", \"object\": \"PlanPicture object (121)\"}}, {\"added\": {\"name\": \"plan picture\", \"object\": \"PlanPicture object (122)\"}}, {\"added\": {\"name\": \"plan picture\", \"object\": \"PlanPicture object (123)\"}}, {\"added\": {\"name\": \"plan picture\", \"object\": \"PlanPicture object (124)\"}}, {\"added\": {\"name\": \"plan picture\", \"object\": \"PlanPicture object (125)\"}}, {\"added\": {\"name\": \"plan picture\", \"object\": \"PlanPicture object (126)\"}}, {\"added\": {\"name\": \"plan picture\", \"object\": \"PlanPicture object (127)\"}}, {\"added\": {\"name\": \"plan picture\", \"object\": \"PlanPicture object (128)\"}}, {\"added\": {\"name\": \"plan picture\", \"object\": \"PlanPicture object (129)\"}}, {\"added\": {\"name\": \"plan picture\", \"object\": \"PlanPicture object (130)\"}}, {\"added\": {\"name\": \"plan picture\", \"object\": \"PlanPicture object (131)\"}}, {\"added\": {\"name\": \"plan picture\", \"object\": \"PlanPicture object (132)\"}}, {\"added\": {\"name\": \"plan picture\", \"object\": \"PlanPicture object (133)\"}}, {\"added\": {\"name\": \"plan picture\", \"object\": \"PlanPicture object (134)\"}}, {\"added\": {\"name\": \"plan picture\", \"object\": \"PlanPicture object (135)\"}}, {\"added\": {\"name\": \"floor picture\", \"object\": \"FloorPicture object (20)\"}}, {\"added\": {\"name\": \"floor picture\", \"object\": \"FloorPicture object (21)\"}}, {\"added\": {\"name\": \"floor picture\", \"object\": \"FloorPicture object (22)\"}}]"}}, {"model": "admin.logentry", "pk": 42, "fields": {"action_time": "2023-03-20T09:47:03.731Z", "user": 1, "content_type": 8, "object_id": "12", "object_repr": "4-Bed Barndominium with Loft and 3-Car Garage", "action_flag": 1, "change_message": "[{\"added\": {}}, {\"added\": {\"name\": \"plan picture\", \"object\": \"PlanPicture object (136)\"}}, {\"added\": {\"name\": \"plan picture\", \"object\": \"PlanPicture object (137)\"}}, {\"added\": {\"name\": \"plan picture\", \"object\": \"PlanPicture object (138)\"}}, {\"added\": {\"name\": \"plan picture\", \"object\": \"PlanPicture object (139)\"}}, {\"added\": {\"name\": \"plan picture\", \"object\": \"PlanPicture object (140)\"}}, {\"added\": {\"name\": \"plan picture\", \"object\": \"PlanPicture object (141)\"}}, {\"added\": {\"name\": \"plan picture\", \"object\": \"PlanPicture object (142)\"}}, {\"added\": {\"name\": \"floor picture\", \"object\": \"FloorPicture object (23)\"}}, {\"added\": {\"name\": \"floor picture\", \"object\": \"FloorPicture object (24)\"}}]"}}, {"model": "admin.logentry", "pk": 43, "fields": {"action_time": "2023-03-20T09:49:51.350Z", "user": 1, "content_type": 8, "object_id": "13", "object_repr": "Barndominium with Drive-through Shop", "action_flag": 1, "change_message": "[{\"added\": {}}, {\"added\": {\"name\": \"plan picture\", \"object\": \"PlanPicture object (143)\"}}, {\"added\": {\"name\": \"plan picture\", \"object\": \"PlanPicture object (144)\"}}, {\"added\": {\"name\": \"plan picture\", \"object\": \"PlanPicture object (145)\"}}, {\"added\": {\"name\": \"plan picture\", \"object\": \"PlanPicture object (146)\"}}, {\"added\": {\"name\": \"plan picture\", \"object\": \"PlanPicture object (147)\"}}, {\"added\": {\"name\": \"plan picture\", \"object\": \"PlanPicture object (148)\"}}, {\"added\": {\"name\": \"plan picture\", \"object\": \"PlanPicture object (149)\"}}, {\"added\": {\"name\": \"plan picture\", \"object\": \"PlanPicture object (150)\"}}, {\"added\": {\"name\": \"plan picture\", \"object\": \"PlanPicture object (151)\"}}, {\"added\": {\"name\": \"plan picture\", \"object\": \"PlanPicture object (152)\"}}, {\"added\": {\"name\": \"plan picture\", \"object\": \"PlanPicture object (153)\"}}, {\"added\": {\"name\": \"floor picture\", \"object\": \"FloorPicture object (25)\"}}]"}}, {"model": "admin.logentry", "pk": 44, "fields": {"action_time": "2023-03-20T09:52:22.068Z", "user": 1, "content_type": 8, "object_id": "14", "object_repr": "Deluxe Barndominium with 2-Story Living Room", "action_flag": 1, "change_message": "[{\"added\": {}}, {\"added\": {\"name\": \"plan picture\", \"object\": \"PlanPicture object (154)\"}}, {\"added\": {\"name\": \"plan picture\", \"object\": \"PlanPicture object (155)\"}}, {\"added\": {\"name\": \"plan picture\", \"object\": \"PlanPicture object (156)\"}}, {\"added\": {\"name\": \"plan picture\", \"object\": \"PlanPicture object (157)\"}}, {\"added\": {\"name\": \"plan picture\", \"object\": \"PlanPicture object (158)\"}}, {\"added\": {\"name\": \"floor picture\", \"object\": \"FloorPicture object (26)\"}}, {\"added\": {\"name\": \"floor picture\", \"object\": \"FloorPicture object (27)\"}}]"}}, {"model": "admin.logentry", "pk": 45, "fields": {"action_time": "2023-03-20T09:53:44.923Z", "user": 1, "content_type": 8, "object_id": "11", "object_repr": "Barndominium-style House Plan with Home Office and Two-story Great Room", "action_flag": 2, "change_message": "[{\"changed\": {\"name\": \"plan picture\", \"object\": \"PlanPicture object (117)\", \"fields\": [\"Image\"]}}, {\"changed\": {\"name\": \"plan picture\", \"object\": \"PlanPicture object (120)\", \"fields\": [\"Image\"]}}]"}}, {"model": "auth.user", "pk": 1, "fields": {"password": "pbkdf2_sha256$390000$mkrO7os6NXWnVzG3AFo1Rn$yY/YkVXoCEHQNTKpa3+AX2bw35aA7nJdo8esMJni4WQ=", "last_login": "2023-03-20T08:35:53.149Z", "is_superuser": true, "username": "egle", "first_name": "", "last_name": "", "email": "egle.mot97@gmail.com", "is_staff": true, "is_active": true, "date_joined": "2023-03-14T11:28:12.563Z", "groups": [], "user_permissions": []}}, {"model": "sessions.session", "pk": "4jxk4dqngo56cubfqz1iliu75ckjq6fn", "fields": {"session_data": ".eJxVjDsOwjAQRO_iGln-sBtDSZ8zWLteBweQI8VJhbg7iZQCypn3Zt4q0rqUuLY8x1HUVVl1-u2Y0jPXHciD6n3SaarLPLLeFX3QpvtJ8ut2uH8HhVrZ1ijD4IMAO2OtOyP4ZBGEiRlNAmAwIWzBACdGZExe8qUDH1xnSJz6fAHk0Dfp:1pc2pa:i9hDl8FvOzeBscDrTiThdcAXw0wUX1RY8epigon2S78", "expire_date": "2023-03-28T11:28:38.526Z"}}, {"model": "sessions.session", "pk": "i98x9n1e1et0p7ikp44x0kkmc5ash22v", "fields": {"session_data": ".eJxVjDsOwjAQRO_iGln-sBtDSZ8zWLteBweQI8VJhbg7iZQCypn3Zt4q0rqUuLY8x1HUVVl1-u2Y0jPXHciD6n3SaarLPLLeFX3QpvtJ8ut2uH8HhVrZ1ijD4IMAO2OtOyP4ZBGEiRlNAmAwIWzBACdGZExe8qUDH1xnSJz6fAHk0Dfp:1peAzh:WLkX4iH0ybK-fkOfC9dJannYHsqIlP59wfOlHwiMc_I", "expire_date": "2023-04-03T08:35:53.150Z"}}]